{
	"id": "36fdcf62ce88a27124c72985e641e93a",
	"_format": "hh-sol-build-info-1",
	"solcVersion": "0.8.18",
	"solcLongVersion": "0.8.18+commit.87f61d96",
	"input": {
		"language": "Solidity",
		"sources": {
			"raheem folder short smart contract/location.sol": {
				"content": "// SPDX-License-Identifier: GPL-3.0\r\n   pragma solidity ^0.8.0;\r\n\r\n\r\n\r\n\r\n\r\n\r\n\r\n\r\n\r\n\r\n\r\n\r\n   //storage is place where data is store \r\n   // memory is place where data is store randomlly \r\n   // call data where function arugments is store so this place is data is store in calldata\r\n   // bug ...............\r\n   \r\n"
			}
		},
		"settings": {
			"optimizer": {
				"enabled": false,
				"runs": 200
			},
			"outputSelection": {
				"*": {
					"": [
						"ast"
					],
					"*": [
						"abi",
						"metadata",
						"devdoc",
						"userdoc",
						"storageLayout",
						"evm.legacyAssembly",
						"evm.bytecode",
						"evm.deployedBytecode",
						"evm.methodIdentifiers",
						"evm.gasEstimates",
						"evm.assembly"
					]
				}
			}
		}
	},
	"output": {
		"sources": {
			"raheem folder short smart contract/location.sol": {
				"ast": {
					"absolutePath": "raheem folder short smart contract/location.sol",
					"exportedSymbols": {},
					"id": 2,
					"license": "GPL-3.0",
					"nodeType": "SourceUnit",
					"nodes": [
						{
							"id": 1,
							"literals": [
								"solidity",
								"^",
								"0.8",
								".0"
							],
							"nodeType": "PragmaDirective",
							"src": "40:23:0"
						}
					],
					"src": "40:273:0"
				},
				"id": 0
			}
		}
	}
}