{
	"id": "560a76efb8eeb6a8d55ffe435649ee64",
	"_format": "hh-sol-build-info-1",
	"solcVersion": "0.8.18",
	"solcLongVersion": "0.8.18+commit.87f61d96",
	"input": {
		"language": "Solidity",
		"sources": {
			"raheem folder short smart contract/enum.sol": {
				"content": "// SPDX-License-Identifier: GPL-3.0\r\npragma solidity ^0.8.0;\r\n//most important in solidity \r\n// contract Enum {\r\n//     enum Status {\r\n//         Pending,\r\n//         Shipped,\r\n//         Accepted,\r\n//         Rejected,\r\n//         Canceled\r\n//     }\r\n//     Status  current;\r\n// function getVlaue() public view returns(Status){\r\n// return current;\r\n// }\r\n// function setValue(Status NewStatus) public {\r\n//     current = NewStatus;\r\n// }\r\n//    function cancel() public {\r\n//         current = Status.Canceled;\r\n//     }   \r\n//     function reset() public {\r\n//         delete current;\r\n//     }\r\n// }\r\n//how we print numbers mean 0 1 2 3 4\r\n// usdt are stable coin like \r\n\r\n\r\n\r\n\r\n\r\n\r\n\r\n\r\n\r\n\r\n\r\n\r\n\r\n\r\n\r\n\r\n\r\n\r\n\r\n\r\n\r\n\r\n\r\n\r\n\r\n\r\n"
			}
		},
		"settings": {
			"optimizer": {
				"enabled": false,
				"runs": 200
			},
			"outputSelection": {
				"*": {
					"": [
						"ast"
					],
					"*": [
						"abi",
						"metadata",
						"devdoc",
						"userdoc",
						"storageLayout",
						"evm.legacyAssembly",
						"evm.bytecode",
						"evm.deployedBytecode",
						"evm.methodIdentifiers",
						"evm.gasEstimates",
						"evm.assembly"
					]
				}
			}
		}
	},
	"output": {
		"sources": {
			"raheem folder short smart contract/enum.sol": {
				"ast": {
					"absolutePath": "raheem folder short smart contract/enum.sol",
					"exportedSymbols": {},
					"id": 2,
					"license": "GPL-3.0",
					"nodeType": "SourceUnit",
					"nodes": [
						{
							"id": 1,
							"literals": [
								"solidity",
								"^",
								"0.8",
								".0"
							],
							"nodeType": "PragmaDirective",
							"src": "37:23:0"
						}
					],
					"src": "37:689:0"
				},
				"id": 0
			}
		}
	}
}