{
	"id": "6b7e0958e722d4a8ea0d8977a8d53e16",
	"_format": "hh-sol-build-info-1",
	"solcVersion": "0.8.18",
	"solcLongVersion": "0.8.18+commit.87f61d96",
	"input": {
		"language": "Solidity",
		"sources": {
			"raheem folder short smart contract/practics.sol": {
				"content": "// SPDX-License-Identifier: GPL-3.0\r\n    pragma solidity >= 0.5.0 < 0.9.0;\r\n    // contract statevariable{\r\n    // uint public bank;\r\n    // constructor() public {\r\n    //     bank = 23;\r\n    // }\r\n    // function setdata() public {\r\n    //     bank = bank + 3;\r\n    // // in state variable there is no return \r\n    // }\r\n    // }\r\n   // / contract localvariable{\r\n//     function employ() view public returns(string memory){\r\n//         string memory totalemploy = \"23\";\r\n//         return totalemploy;\r\n//     }\r\n//     function storebalance() pure public returns(uint){\r\n// uint totalbalance =  1000000;\r\n//  return totalbalance;\r\n//  // in local variable return is must without return valaue cannot deploy mean not show\r\n//     }\r\n// }\r\n    /////////////state variable\r\n    // contract laptop {\r\n    //     uint public price;\r\n    //     constructor() public {\r\n    //         price = 20000;\r\n    //     }\r\n    //         function Setdata() public{\r\n    //             price=price+1;\r\n    //         }\r\n    // }\r\n    // contract laptop {\r\n    //     uint public price;\r\n    //     function setdata() public{\r\n    //         price= price+1000;//here l am not putting any price \r\n    //but when we deploy then and click setdata then automatic price\r\n    // will be start from 1000 put any value then start from that value \r\n    //     }\r\n    // }\r\n    /////////////////local variable//////////////\r\n    //string data typeare store in local variable mean function body\r\n    // contract company{\r\n    //      function companyownername() view public returns(string memory){\r\n    //          string memory ownerName=\"Raheemullah\";\r\n    //          return ownerName;\r\n    //      }\r\n    //      }     \r\n    //both string and uint data store in local variable mean function body\r\n// contract schooldetails{\r\n//     function schoolname() view public returns(string memory){\r\n// string memory name=\"NOOR EDUCATION SCHOOL\";\r\n//     return name;}\r\n//     function totalstudent() pure public returns(uint){\r\n//         uint total = 530;\r\n//         return total;}\r\n//         function onwername() view public returns(string memory){\r\n// string memory name = \"sir kefayat\";\r\n// return name;       \r\n//     }\r\n// }\r\n// ///now we store uint data type in local variable mean fuction body \r\n// contract local{\r\n//     function storedata() pure public returns(uint){\r\n//         uint students = 230;\r\n//       return students;}\r\n// }\r\n// contract courseNFT{\r\n// function instructorName() view public returns(string memory){\r\n// string memory Name= \"Mahad chagiz khan\";\r\n// return Name;\r\n// }\r\n// function totalstudent() pure public returns(uint){\r\n//     uint total = 9;\r\n//     return total;\r\n// }\r\n// function physicalstudentname() view public returns(string memory){\r\n//     string memory physicalstudent=\" 1) Salman, 2) Jawad, 3) Behzad, 4) Raheem, 5) Hammad\";\r\n//     return physicalstudent;\r\n// }\r\n// function coursename() view public returns(string memory){\r\n//     string memory Name =\"NFT blockchain\";\r\n//     return Name;\r\n// }\r\n// }\r\n\r\n\r\n\r\n\r\n\r\n\r\n\r\n\r\n\r\n\r\n\r\n\r\n\r\n\r\n\r\n\r\n    \r\n\r\n\r\n\r\n\r\n\r\n\r\n\r\n\r\n\r\n\r\n\r\n\r\n\r\n\r\n\r\n\r\n\r\n\r\n\r\n    \r\n"
			}
		},
		"settings": {
			"optimizer": {
				"enabled": false,
				"runs": 200
			},
			"outputSelection": {
				"*": {
					"": [
						"ast"
					],
					"*": [
						"abi",
						"metadata",
						"devdoc",
						"userdoc",
						"storageLayout",
						"evm.legacyAssembly",
						"evm.bytecode",
						"evm.deployedBytecode",
						"evm.methodIdentifiers",
						"evm.gasEstimates",
						"evm.assembly"
					]
				}
			}
		}
	},
	"output": {
		"sources": {
			"raheem folder short smart contract/practics.sol": {
				"ast": {
					"absolutePath": "raheem folder short smart contract/practics.sol",
					"exportedSymbols": {},
					"id": 2,
					"license": "GPL-3.0",
					"nodeType": "SourceUnit",
					"nodes": [
						{
							"id": 1,
							"literals": [
								"solidity",
								">=",
								"0.5",
								".0",
								"<",
								"0.9",
								".0"
							],
							"nodeType": "PragmaDirective",
							"src": "41:33:0"
						}
					],
					"src": "41:3071:0"
				},
				"id": 0
			}
		}
	}
}