{
	"id": "a571e760390cb601318b7dadb0b988ec",
	"_format": "hh-sol-build-info-1",
	"solcVersion": "0.8.18",
	"solcLongVersion": "0.8.18+commit.87f61d96",
	"input": {
		"language": "Solidity",
		"sources": {
			"raheem folder short smart contract/daynamicArray.sol": {
				"content": "// SPDX-License-Identifier: GPL-3.0\r\n    pragma solidity >= 0.5.0 < 0.9.0;\r\n\r\n    "
			}
		},
		"settings": {
			"optimizer": {
				"enabled": false,
				"runs": 200
			},
			"outputSelection": {
				"*": {
					"": [
						"ast"
					],
					"*": [
						"abi",
						"metadata",
						"devdoc",
						"userdoc",
						"storageLayout",
						"evm.legacyAssembly",
						"evm.bytecode",
						"evm.deployedBytecode",
						"evm.methodIdentifiers",
						"evm.gasEstimates",
						"evm.assembly"
					]
				}
			}
		}
	},
	"output": {
		"sources": {
			"raheem folder short smart contract/daynamicArray.sol": {
				"ast": {
					"absolutePath": "raheem folder short smart contract/daynamicArray.sol",
					"exportedSymbols": {},
					"id": 2,
					"license": "GPL-3.0",
					"nodeType": "SourceUnit",
					"nodes": [
						{
							"id": 1,
							"literals": [
								"solidity",
								">=",
								"0.5",
								".0",
								"<",
								"0.9",
								".0"
							],
							"nodeType": "PragmaDirective",
							"src": "41:33:0"
						}
					],
					"src": "41:41:0"
				},
				"id": 0
			}
		}
	}
}